Actual,Predicted
230000,231806.22949349688
130000,115435.63797533189
550000,521319.452414587
220000,220421.24248022778
390000,393716.7690647385
330000,339963.6061195537
